<?xml version="1.0" encoding="utf-8"?>
<modification>
	<name>Product Quick-view</name>
	<code>quick_view</code>
	<version>1.0</version>
	<author>Khut Chanty</author>
	<link>http://www.codesdone.com/</link>
 	<file path="catalog/view/theme/default/template/common/header.twig">
		<operation error="abort">
		<search><![CDATA[<script src="catalog/view/javascript/bootstrap/js/bootstrap.min.js" type="text/javascript"></script>]]></search>
			<add position="before"><![CDATA[
			<script src="catalog/view/javascript/quick-view/jquery-ui.js" type="text/javascript"></script>
		  <script src="catalog/view/javascript/quick-view/quick-view.js" type="text/javascript"></script>
		  <link href="catalog/view/javascript/quick-view/jquery-ui.css" rel="stylesheet">
		  <link href="catalog/view/javascript/quick-view/quick-view.css" rel="stylesheet">
			]]></add>
		</operation>
	</file>
</modification>